AVG_SCORE,TOTAL_MESSAGES,USER_ID
0.861,1,user_303
0.62333333,3,user_202
0.63549995,2,user_505
0.387,3,user_404
0.567,1,user_707
0.1105,2,user_606
0.114,1,user_909
0.463,1,user_808
0.655,4,user_101
